{"cameraMode":{"drawMode":0,"name":"Shaded","section":"Shading Mode"},"sceneLighting":true,"audioPlay":false,"sceneViewState":{"showFog":true,"showMaterialUpdate":false,"showSkybox":true,"showFlares":true,"showImageEffects":true,"showParticleSystems":true},"in2DMode":false,"pivot":{"x":-33.4562873840332,"y":0.7091100811958313,"z":-4.5997748374938969},"rotation":{"x":0.0031279001850634815,"y":-0.9595180749893189,"z":0.28142786026000979,"w":0.010662596672773362},"size":5.271486282348633,"orthographic":true}