{"cameraMode":{"drawMode":0,"name":"Shaded","section":"Shading Mode"},"sceneLighting":true,"audioPlay":false,"sceneViewState":{"showFog":true,"showMaterialUpdate":true,"showSkybox":true,"showFlares":true,"showImageEffects":true,"showParticleSystems":true},"in2DMode":false,"pivot":{"x":1.7691004276275635,"y":7.205273628234863,"z":-9.7490816116333},"rotation":{"x":-0.17570644617080689,"y":-0.6949857473373413,"z":0.18138936161994935,"w":-0.6732162237167358},"size":40.26617431640625,"orthographic":false}