{"cameraMode":{"drawMode":0,"name":"Shaded","section":"Shading Mode"},"sceneLighting":true,"audioPlay":false,"sceneViewState":{"showFog":true,"showMaterialUpdate":false,"showSkybox":true,"showFlares":true,"showImageEffects":true,"showParticleSystems":true},"in2DMode":false,"pivot":{"x":15.272636413574219,"y":11.12195110321045,"z":0.6533592939376831},"rotation":{"x":-0.27788466215133669,"y":0.6555629372596741,"z":-0.2836117148399353,"w":-0.6423253417015076},"size":10.0,"orthographic":false}