{"cameraMode":{"drawMode":0,"name":"Shaded","section":"Shading Mode"},"sceneLighting":true,"audioPlay":false,"sceneViewState":{"showFog":true,"showMaterialUpdate":false,"showSkybox":true,"showFlares":true,"showImageEffects":true,"showParticleSystems":true},"in2DMode":false,"pivot":{"x":29.09687042236328,"y":635.523193359375,"z":678.7410278320313},"rotation":{"x":-0.1386745423078537,"y":-0.858819305896759,"z":0.3822874128818512,"w":-0.3115367591381073},"size":10.191276550292969,"orthographic":false}