{"cameraMode":{"drawMode":0,"name":"Shaded","section":"Shading Mode"},"sceneLighting":false,"audioPlay":false,"sceneViewState":{"showFog":true,"showMaterialUpdate":false,"showSkybox":false,"showFlares":true,"showImageEffects":true,"showParticleSystems":true},"in2DMode":false,"pivot":{"x":-9.880000114440918,"y":0.306867778301239,"z":5.960464477539063e-8},"rotation":{"x":0.1555691808462143,"y":-0.8444002270698547,"z":0.3656134307384491,"w":0.35932353138923647},"size":2.251913547515869,"orthographic":false}